timestamp,close,high,low,open,volume,symbol
,AAPL,AAPL,AAPL,AAPL,AAPL,
2026-03-18 13:30:00+00:00,252.02000427246094,252.8300018310547,251.3800048828125,252.625,764455,AAPL
2026-03-18 13:31:00+00:00,252.88999938964844,252.97999572753906,251.82000732421875,252.07000732421875,75399,AAPL
2026-03-18 13:32:00+00:00,253.39999389648438,253.39999389648438,252.67999267578125,252.88999938964844,61618,AAPL
2026-03-18 13:33:00+00:00,253.77499389648438,253.8300018310547,253.30999755859375,253.41000366210938,45211,AAPL
2026-03-18 13:34:00+00:00,253.86000061035156,253.91000366210938,253.4700927734375,253.78509521484375,53722,AAPL
2026-03-18 13:35:00+00:00,254.13999938964844,254.19000244140625,253.75,253.89999389648438,63674,AAPL
2026-03-18 13:36:00+00:00,254.08999633789062,254.2949981689453,253.97189331054688,254.14999389648438,63565,AAPL
2026-03-18 13:37:00+00:00,254.19000244140625,254.19000244140625,254.19000244140625,254.19000244140625,0,AAPL
